non-unigram concept,number of different times appeared
national womans party,392
equal rights amendment,186
every place subject,137
equal rights throughout,130
new york city,64
alva belmont house,47
inter american commission,47
national consumers league,44
susan b anthony,38
equal rights treaty,38
international advisory council,35
minimum wage law,31
professional womens clubs,28
government workers council,26
womens international league,25
lucretia mott amendment,25
open door international,22
business womens legislative council,22
six point group,21
womens consultative committee,20
united states delegation,19
equal rights movement,18
international labor office,18
colored womens clubs,17
new york state,17
united states department,17
united states senate,17
jurisdiction congress shall,17
united states supreme court,16
minimum wage legislation,15
special labor laws,15
professional womens club,15
professional womens council,15
proposed equal rights amendment,14
hague nationality convention,14
equal nationality treaty,14
new york times,13
united states citizenship,13
senate judiciary committee,12
equal rights bill,12
international labor organization,12
equal nationality rights,12
equal rights program,11
new york branch,11
married women teachers,11
civil service commission,11
equal rights international,11
child labor amendment,10
minimum wage laws,10
new york city committee,10
st joans social,10
contracting states agree,10
child born abroad,10
pan american union,10
national womans party held,9
equal rights plank,9
international woman suffrage alliance,9
open door council,9
equal rights campaign,8
house judiciary committee,8
h p belmont n,8
jury service bill,8
contain inequalities based,8
married persons clause,8
pan american conference,8
womens trade union league,7
eight hours day,7
dont know whether,7
national consumers league shall,7
equal rights bills,7
new jersey branch,7
elizabeth cady stanton,7
given equal rights,7
legal research department,7
equal eights amendment,7
womens freedom league,7
womens bar association,7
united states entrance,7
equal nationality bill,7
cotton textile institute,7
united states government,6
inherit real estate,6
new york legislature,6
womans legislative council,6
sixth panamerican conference,6
equal rights reservation,6
hague codification conference,6
seventh international conference,6
women complete equality,6
seventh pan american conference,6
young womens christian association,5
national training school,5
eight hour day,5
night work law,5
child labor law,5
pure food law,5
consumers league label,5
seneca falls conference,5
united states constitution,5
married womans right,5
international advisory committee,5
national womans party headquarters,5
doris stevens chairman,5
old brick capitol,5
foreign relations committee,5
proposed world code,5
equal rights nationality bill,5
contracting parties agree,5
night work convention,5
national baptist convention,4
public school system,4
foreign mission board,4
womans convention auxiliary,4
womans missionary union,4
new york state federation,4
workmens compensation laws,4
equal rights legislation,4
married woman shall,4
equal rights law,4
womans party writes,4
rio de janeiro,4
given equal right,4
national equal rights amendment,4
equal rights measures,4
international labor conference,4
george washington university,4
international suffrage alliance,4
miss doris stevens,4
womans party delegation,4
duly accredited representatives,4
united states adheres,4
world court shall,4
young womens council,4
married women approved september,4
florence bayard hilles national chairman,4
eastern regional conference,4
past three years,3
past two years,3
empire state federation,3
past ten years,3
first colored woman,3
white house conference,3
shall never forget,3
jim crow car,3
frederick douglass center,3
convict lease system,3
ten years ago,3
left capahosic va,3
four years ago,3
ten hour day,3
new york age,3
fortyeight hour week,3
minimum wage bill,3
industrial home work,3
new york law,3
st new york city committee,3
child labor laws,3
minimum wage boards,3
property without due process,3
national consumers league express,3
short working day,3
federal trade commission,3
minimum wage commission,3
womens city club,3
womans party program,3
womans party bills,3
amalgamated clothing workers,3
married women whose husbands,3
equal guardianship bill,3
seneca falls convention,3
mother equal right,3
lucy stone league,3
federal equal rights amendment,3
womans party members,3
la follette ticket,3
womens indian association,3
given equal pay,3
laws affecting women,3
socalled protective legislation,3
new york state legislature,3
irish free state,3
federal suffrage amendment,3
civil service commissioner,3
establish equal rights,3
international labour office,3
new york infirmary,3
kansas city branch,3
mother equal rights,3
new york state branch,3
standing joint committee,3
mrs harvey w wiley,3
senator charles curtis,3
new jersey state branch,3
jane norman smith,3
private international law,3
sixth international conference,3
republican national convention,3
st elizabeths hospital,3
montana state branch,3
senate foreign relations committee,3
institut de droit international,3
florence bayard hilles,3
michigan state branch,3
woman juror bill,3
los angeles times,3
maryland state federation,3
maryland general assembly,3
children born abroad,3
new south wales,3
state welfare commission,3
house immigration committee,3
national headquarters balance,3
civil service status,3
married women workers,3
hours payment entry,3
representative john l cable,3
muna lee director,3
nations consultative committee,3
miss hallie q brown,2
miss hallie quinn brown,2
womens christian temperance union,2
american red cross,2
late frederick douglass,2
second baptist church,2
old folks home,2
phyllis wheatley home,2
alpha suffrage club,2
new jersey federation,2
womans era club,2
womans loyal union,2
womans city club,2
high school graduates,2
one hundredth anniversary,2
salt lake city,2
worlds w c,2
delinquent colored girls,2
colored club women,2
kansas city missouri,2
next annual meeting,2
public school teacher,2
colored women held,2
great white race,2
lord jesus christ,2
fair young june,2
war work council,2
twenty years ago,2
white womens clubs,2
high moral standard,2
four years old,2
first high school,2
get reduced rates,2
colored high school,2
left capahosic va via automobile,2
new york worlds fair,2
agricultural adjustment administration,2
capahosic va arriving,2
new york city association,2
national urban league,2
least per cent,2
personal service committee,2
young mens christian association,2
student volunteer convention,2
per capita tax,2
negro women employed,2
would seem therefore,2
minimum wage board,2
new bedford mass,2
greater new york,2
little slave girl,2
white rose home,2
twenty years old,2
united states congress,2
republican national committee,2
woman suffrage party,2
woman suffrage movement,2
annie simms banks,2
work b sanitary attractive,2
criminal element among negroes,2
local community program,2
country depends upon,2
white women include,2
e church south,2
womans missionary council,2
fortyfour hour week,2
let us know,2
new england states,2
state factory inspector,2
day without injury,2
mechanical establishments factories,2
city might regulate,2
executive committee p,2
national consumers league recognizes,2
eight hours law,2
consumers league work,2
consumers league sunday,2
booherhughes bill dealing,2
new york federation,2
federal eight hours bill,2
educate public opinion,2
la follette bill,2
minimum wage commissions,2
shorter working day,2
proposed amendment shall,2
miss sanford seconded,2
ordinary young americans,2
make us strong,2
national consumers league continue,2
motion duly seconded,2
federal child labor amendment,2
industrial hygiene bureaus,2
twentysixth annual meeting,2
illeg illeg illeg illeg,2
womens joint legislative committee,2
minimum wage rate,2
state labor department,2
united mine workers,2
candy white list,2
dr alice hamilton,2
workmens compensation law,2
school attendance law,2
united textile workers,2
past five years,2
special protective legislation,2
first international congress,2
special industrial legislation,2
mature age sui juris require,2
personnel classification board,2
girls high school,2
given special protection,2
united states shall,2
united states marries,2
restore citizenship lost,2
madame van der veer,2
first equal rights meeting,2
married woman worker,2
mrs valentine winters,2
seneca falls n,2
old english law,2
equal rights pageant,2
christian science monitor,2
good government club,2
city service commission,2
establishing equal rights,2
professional womans club,2
national womans party spoke,2
womans international league,2
charity organization society,2
womans party headquarters,2
lucretia mott amendment men,2
english common law,2
womans party campaign,2
women civil servants,2
type one would like,2
five women candidates,2
supreme judicial court,2
make women eligible,2
special labor laws applying,2
womens national republican club,2
state affairs committee,2
school college university,2
maryland state branch,2
sex disqualification removal act,2
american bar association,2
johns hopkins university,2
community real estate,2
equal rights resolution,2
least two years,2
differential legislation based,2
women medical students,2
equal rights amendment would,2
united states section,2
equal rights campaign february,2
womans bar association,2
equal pay bill,2
special restrictive legislation,2
proposed hour law,2
highest salary received,2
womens medical association,2
women ever asked,2
wanted laws depriving,2
civic repertory theatre,2
national suffrage amendment,2
public health service,2
equal rights envoys,2
hundred years ago,2
womens industrial organizations,2
long island railroad,2
maud younger congressional chairman,2
c secretary evelyn wainwright,2
bill h r,2
fifth international conference,2
nationality upon marriage,2
oldfashioned sewing machine,2
women per cent,2
edith houghton hooker,2
missouri state branch,2
unofficial plenary session,2
double moral standard,2
new civil code,2
united states enters,2
united states customs court,2
dismiss married women,2
austrian womans party,2
womans party committee,2
womens international organizations,2
baltimore city branch,2
strong central government,2
bryn mawr college,2
world court without,2
international law held,2
married women teachers association,2
civil service women,2
dodge hotel washington,2
special labor legislation,2
seventh panamerican conference,2
next weeks issue,2
womans consultative committee,2
national recovery administration,2
white house washington,2
made joint guardians,2
given full power,2
cents per hour,2
new york government workers council,2
every married woman,2
hotel du pontbiltmore,2
michigan state federation,2
foreign affairs committee,2
sixth pan american congress,2
women jurors c,2
holding public office,2
connecticut state branch,2
virginia state branch,2
regulations shall deprive,2
united states citizen,2
united states nationality,2
national broadcasting company,2
shorter work day,2
nationality treaty proposed,2
american woman marries,2
united states delegates,2
mrs max rotter,2
alva belmont house national headquarters,2
party workers conference,2
fifth annual meeting,2
presidents emergency committee,2
allasian womens conference,2
equal world code,2
professional womens clubs believes,2
b williams tuskegee alabama mrs,1
stifled mothers suffering every degree,1
mrs chlora hayes sledge,1
beatty parliamentarian tampa florida mrs,1
mrs elizabeth lindsay davis,1
mrs janie porter barrett,1
criminal types parents without love,1
aesthetic training children whose ambitions,1
generations yet unborn also one,1
mrs mary b talbert,1
american shores must know something,1
ne plus ultra art,1
otherwise totally degraded specimen,1
american baptist home mission society,1
fannie j coppin social,1
fannie j coppin club,1
may take pardonable pride although,1
mrs mary mcleod bethune,1
fanny jackson coppin club,1
mrs sallie w stewart,1
b public health service use,1
miss elizabeth c carter,1
mrs mary church terrell,1
bishop b f lee,1
mrs u j wadefoster,1
opportunities since emancipation careful study,1
mary mcleod bethune club,1
mrs l c jefferson,1
held sunday afternoon june th,1
fannie wall childrens home,1
mrs minnie patterson chairman,1
lucy stone civic league,1
fanny wall childrens home,1
named emergency mrs lee,1
phillis wheatley womans club,1
delightful sight seeing trip,1
system many highborn souls,1
mrs h w washington,1
negro women lawyers physicians,1
state federation mrs bennett,1
subsequent enactments brought freedom,1
negro ghettos best environment,1
freedom one must know something,1
raise fifty thousand dollars,1
mrs rebecca aldridge,1
miss meta pelham,1
one hundred years old,1
oakland municipal auditorium theater,1
san francisco bay district,1
mrs ruth williams,1
new jersey state federation,1
mrs lucy thurman,1
delilah l beasley,1
rev florence randolph,1
state president shall appoint,1
harriet beecher stowe,1
iowa federation iowas representative,1
colored womens clubs held,1
anna murray douglass,1
mrs linclonia morgan,1
clara white mission,1
st n w washington,1
beautiful parents without respect,1
white rose mission,1
street n w washington,1
lucy thurman union,1
attorney lawrence sledge,1
shiloh baptist church,1
frederick douglass memorial,1
miss eva bowles,1
eight mile road,1
phillis wheatley club,1
integrity rose superior,1
newport rhode island,1
st louis missouri,1
amanda smith school,1
rogers high school,1
ada young auxiliary,1
third baptist church,1
two hundred dollars,1
phyllis wheatley club,1
phillis wheatley home,1
frederick douglass historical,1
womans christian union,1
thirty years ago,1
colored women inc,1
mrs stewart went,1
scholarship loan fund,1
womens clubs white,1
lawyer walter farmer,1
eight years old,1
womans progressive club,1
hot springs arkansas,1
fresh air circle,1
grand old state,1
alameda county league,1
douglass high school,1
lincoln high school,1
colored girls mrs,1
tampa urban league,1
carpe diem club,1
two years old,1
daytona beach florida,1
beautiful silk quilt,1
negro womens clubs,1
colored womens league,1
cowardly thieving brutal,1
one hundred dollars,1
womens improvement club,1
buffalo new york,1
red cross work,1
objectionable terms darkie,1
colored womens council,1
womans improvement club,1
new jersey conference,1
frederick douglass home,1
central regional association,1
b c book,1
emergency girls club,1
first womans club,1
wisconsin state federation,1
native wilds previous,1
student loan fund,1
lincoln colored home,1
first vice president,1
harper w c,1
city federation mrs,1
new england conservatory,1
scott executive secretary,1
new jersey member,1
equal franchise federation,1
harriet tubman club,1
time generations must,1
club house fund,1
national supervisors committee,1
negro trail blazers,1
woman whose name,1
first executive secretary,1
second recording secretary,1
sterling relief association,1
sojourner truth club,1
minerva reading club,1
present president mrs,1
colored women voters,1
womans city council,1
traveled extensively throughout,1
cedar hill anacostia,1
georgia state federation,1
presidents annual address,1
northern district federation,1
marion indiana april,1
fifty foremost women,1
virginia state federation,1
educational purposes however,1
chicago musical college,1
colored women since,1
kansas city mo,1
children careless parents,1
community betterment clubs,1
needle work guild,1
first annual convention,1
national w c,1
sojourner truth home,1
missouri state federation,1
mississippi state federation,1
infirm colored women,1
girls rescue home,1
kentucky club woman,1
delinquent negro girls,1
also honorary president,1
infirm colored people,1
girl reserve work,1
faneuil hall boston,1
child welfare league,1
first annual meeting,1
detroit housewives league,1
later became president,1
illinois state federation,1
summit n j,1
conditions force one,1
willing workers club,1
illinois state association,1
first statistical report,1
first day nursery,1
served two terms,1
social service work,1
round table discussions,1
worlds columbian exposition,1
trustee board past,1
street northwest washington,1
girls industrial home,1
industrial club took,1
colored women convened,1
delaware state federation,1
future success commensurate,1
negro women principals,1
outstanding club women,1
considered complete measuring,1
detroit study club,1
child negro women,1
child welfare work,1
loyal club women,1
michigan state association,1
served six years,1
made honorary president,1
city federation president,1
colored women organized,1
kansas city association,1
held many positions,1
annual convention held,1
california state federation,1
served four years,1
colored women met,1
colored women member,1
national mother home,1
largely taken care,1
post graduate course,1
make working conditions,1
national convention held,1
given special attention,1
louisiana purchase exposition,1
privation homes used,1
said frank e davis,1
frank e davis,1
prisoner william james,1
put much pendence,1
best white people,1
fifteenth street presbyterian church march,1
fare sumptuously every day,1
thrift may follow fawning,1
please anybody else except god,1
francis j grimke,1
prayer let us pray,1
archibald h grimke,1
angelina weld grimke,1
william lloyd garrison,1
seventyfive thousand men,1
old old story,1
great atoning sacrifice,1
purse steals trash,1
jim crow christianity,1
let us resolve,1
angel faces smile,1
average negro politician,1
material gains count,1
please god whether others,1
ten righteous persons,1
ten righteous men,1
schools colleges universities,1
mans life consisteth,1
man whose aim,1
best card player,1
wayfaring man though,1
please anybody else,1
peradventure ten shall,1
american negro academy,1
american negro soldier,1
moulding public sentiment,1
socalled christian church,1
said oh let,1
seems almost incredible,1
farewell quadrennial message,1
good name robs,1
would rather starve,1
last quadrennial message,1
jesus name amen,1
permanent world peace,1
kindly disposed towards,1
sacred constitutional rights,1
drink wherewithal shall,1
race issue let,1
greater life beyond,1
one sole standard,1
good man leaveth,1
shut colored people,1
every possible way,1
son jesus christ,1
high christian character,1
night like stars,1
best dressed person,1
volume prepared including,1
races classes conditions,1
ever increasing power,1
race help us,1
great deal better,1
guilty conscience peace,1
real true happiness,1
last bring us,1
man may lose,1
calling particular attention,1
saviour jesus christ,1
real true interest,1
human heart must,1
one better fitted,1
right stamp unless,1
none shall make,1
young people want,1
minds made better,1
refrain dont call,1
young mans choice,1
ye shall hold,1
would tell us,1
christ go forth,1
heard thee tell,1
assaulted mrs cranford,1
assaults upon women,1
national afroamerican council,1
salle des etrangers,1
pelerinage de charlemagne,1
new century club,1
twenty years past,1
negro preachers editors,1
lord one thousand seven hundred,1
postman brings mays promise,1
potomacs brink blue violets,1
prison ship old jersey,1
heard mr douglass play,1
hope dat trumpet blow,1
de lonesome valley,1
charlotte forten grimke,1
magic mat whereon,1
mr savage says,1
legitimate social instincts,1
pilgrims came stranger,1
brown pine leaves,1
fair pale innocents,1
sang marching along,1
john brown song,1
duchess golden rod,1
firstrate business talents,1
cheer us still,1
south carolina volunteers,1
longing tearfilled eyes,1
perfect nights moonlit,1
upon us guide,1
white robe veined,1
rich deep blue,1
april room arbutus,1
soft blue eyes,1
every days report,1
two races living,1
cordial christian welcome,1
eastern lover sat,1
graveyard graveyard ought,1
sun shone brightly,1
apelike colored people,1
perfect days glide,1
waves seemed silent,1
hampton court palace,1
magnificent colossal head,1
corcoran art gallery,1
git religion go,1
great pure soul,1
people tell us,1
natural genius ought,1
made great progress,1
officer told us,1
dr r r moton,1
st paul convention,1
three hours ago,1
bayou st john,1
mardi gras day,1
little old man,1
next day titee,1
model woman must,1
coach set aside,1
two men met,1
short time ago,1
young colored woman,1
miss mary e jackson,1
american red cross society,1
war camp community service,1
east st louis,1
red cross society,1
columbia south carolina,1
negro war relief,1
training camp activities,1
soldiers comfort unit,1
motherless child sometimes,1
old flag never touched,1
colored men everywhere,1
new castle county,1
regular business meeting,1
every day lives,1
first experimental year,1
young colored men,1
enlightened public opinion,1
fifty years ago,1
carry us far across,1
young colored man,1
frederick douglas centre,1
every way possible,1
closest possible touch,1
theodore roosevelt took,1
true reformers hall,1
womans national loyal league,1
highest best interests,1
colored womens national league,1
banded together throughout,1
clubs societies associations,1
club movement among,1
first national conference,1
feels called upon,1
cane springs ky,1
royal choral society,1
name preparatory high school,1
first high school commencement,1
preparatory high school established,1
western reserve university,1
preparatory high school,1
street high school,1
washington public schools,1
appointed supervising principal,1
national womans council,1
poor white woman,1
paul laurence dunbar,1
colored men upon white women,1
chicago twentyfive years ago,1
first colored man,1
high school boys,1
washington high school,1
little theodore pinckney,1
president mrs roosevelt,1
good citizenship means,1
three million wageearning women,1
nearly two hundred,1
developing thought power,1
best possible environments,1
routine office work,1
county training school,1
left st louis,1
second agricultural conference,1
least four days,1
agricultural conservation program,1
left shreveport louisiana via train,1
holly springs miss,1
tuskegee inst ala,1
jackson mississippi arriving,1
pm via automobile,1
tuskegee institute alabama,1
state farm agent,1
agricultural adjustment program,1
office work dictating,1
office work march,1
visited miss elliotts class,1
mr otis director,1
home demonstration agents,1
farmers week program,1
one half day,1
office work june,1
office work dec,1
annual state meeting,1
left tuskegee institute alabama,1
agriculture conservation february,1
agriculture conservation conference,1
mr washingtons coming,1
young negro women,1
males attended school,1
national kindergarten organizer,1
r nathaniel dett,1
white mans prejudice,1
middle atlantic states,1
intelligent negro woman,1
negro teachers similar,1
white womans breath smells,1
north carolina federation,1
twentyfive years ago,1
average white man,1
lincoln could return today,1
de good lawd,1
never asked whether,1
feel dear god id like,1
shadows swiftly flee away,1
thy servant heareth,1
watchword jesus loves,1
ill never forget,1
little sunshine everywhere,1
wondrous things today,1
five barley loaves,1
lovely things today,1
sunshine band work,1
dear father bless,1
wrong ive done,1
sunbeam jesus wants,1
wise men got,1
people loved jesus,1
makes us glad,1
fellow men avoid selfdrugging beware,1
elementary parliamentary laws see suggestions,1
parliamentary laws page hymn slogan,1
tongue clean work play rest,1
moderation keep serene worry,1
correspondence give due notice,1
girls lincoln heights washington,1
joint community christmas tree,1
get recreation outdoors sleep,1
reports due first meeting,1
secretary treasurers report reports,1
closing prayer slogan,1
red circle spirit get,1
fresh air always,1
senior missionary society,1
young matrons may,1
less fortunate children,1
womans missionary society,1
young peoples work,1
young womens league,1
business important business,1
patent medicine faker,1
star spangled banner,1
red circle ages,1
year also consult,1
systematic bible study,1
permitted members may,1
trinity members may,1
lott carey foreign mission board,1
bettie b reed,1
west indies upon,1
daily vacation bible school,1
young peoples personal service,1
church finance soul winning,1
first personal service committee,1
state personal service chairman,1
personal service chairmen,1
mission sunday school,1
personal service chairman,1
service personal service,1
young peoples organizations,1
personal service guide,1
personal service committees,1
negro baptist women,1
personal service council,1
would gladly give,1
real personal service,1
crowded city streets,1
directed personal service,1
white baptist church,1
volunteer welfare worker,1
individual personal service,1
personal service activities,1
personal service work,1
personal service call,1
personal service program,1
social case work,1
personal service plans,1
small town community,1
young womans club,1
first colored women,1
crystal bath palace,1
right rev j albert johnson,1
young mens christian association movement,1
worlds student christian federation conference,1
association movement among colored men,1
young womens christian associations,1
mr h e brown,1
young mens christian associations,1
mr j e moorland,1
dr john r mott,1
association work among colored men,1
world student christian federation,1
mr huntons whole career,1
work among colored men,1
mr cephas brainerd,1
sir george williams,1
miss josephine pinyon,1
student volunteer movement,1
mr hunton visioned,1
colored mens department,1
mr huntons life,1
colored young men,1
st pauls cathedral,1
mr huntons illness,1
mr huntons death,1
mr huntons visit,1
william alphaeus hunton,1
christian association work,1
met mr hunton,1
dr john hope,1
mr hunton found,1
mr hunton wrote,1
association work among,1
mr hunton made,1
ottawa mr hunton,1
tell mr hunton,1
first colored secretary,1
many valuable suggestions,1
yale divinity school,1
meeting last night,1
international convention held,1
took us sightseeing,1
international secretaries conference,1
colored college women,1
give serious consideration,1
negro women go,1
college women must,1
oscar de priest,1
john v degrasse,1
washington st church,1
mother washington church,1
scarlet letter brand,1
national baptist convention usa inc,1
rural life center shall become,1
five hundred men,1
thelma ward washington,1
southern baptist convention,1
young peoples department,1
professional school washington,1
local missionary societies,1
life membership money,1
becoming literature conscious,1
home mission board,1
world christian service,1
fierce electrical storm,1
educated colored woman,1
thomas nelson page,1
old family servants,1
great american question,1
mrs hayfords school,1
colored work miss bowles,1
work among colored women,1
south atlantic south central,1
south atlantic field committee,1
work among colored girls,1
first colored student conference,1
east central field committee,1
south central field committee,1
colored work committee ask,1
kansas city kansas,1
miss florence simms,1
miss pinyon give,1
colored young women,1
south atlantic field,1
fayetteville north carolina,1
south atlantic fields,1
east central field,1
world fellowship campaign,1
south central field,1
second special worker,1
colored student work,1
student colored work,1
city committee feels,1
colored city work,1
colored student conference,1
delegates representing schools,1
mrs john hope,1
first summer conference,1
colored women students,1
colored work committee,1
colored work budget,1
new joint committee,1
southern white women,1
colored work staff,1
great step forward,1
definite financial plans,1
field work department,1
colored work held,1
organizations already formed,1
full time secretary,1
national negro business league,1
womens civic league,1
junior college work,1
peace time goods,1
negro women ten years,1
national agencies equipped,1
war manpower commission,1
mass purchasing power,1
use every resource,1
negro workers displaced,1
equivalent adult male units,1
war labor bureau study report,1
families upon whose budgets,1
united states fuel administration,1
average per capita income,1
large scale retail purchases,1
philadelphia scott negro migration,1
one hundred families included,1
adult male units,1
upper income groups,1
cereals bread buns,1
adult male unit,1
higher income groups,1
families whose budgets,1
united states bureau,1
sixteen different families,1
various income groups,1
lower income groups,1
every ten families,1
per cent spent,1
average per cent,1
health insurance commission,1
every two weeks,1
twentysix families spending,1
total income spent,1
war labor bureau,1
higher income group,1
items increased irregularly,1
following reasons first,1
families renting houses,1
light producing products,1
families renting rooms,1
negro migrant families,1
smallest amount spent,1
six room house,1
families buying coal,1
municipal research study,1
average amount spent,1
thanked god far,1
population b percent negro population,1
tuberculosis b negro morbidity,1
eight united states cities,1
phipps institute tuberculosis clinic,1
registration area pennsylvania philadelphia,1
united states census,1
visits per patient,1
certain important causes,1
jefferson chest hospital,1
c death rate,1
various monthly intervals,1
negro patients withdrew,1
negro death rate,1
rush hospital clinic,1
negro tuberculous patients,1
philadelphia general hospital,1
jefferson chest clinic,1
rush hospital clinics,1
high death rate,1
tuberculosis per population,1
color table attendance,1
colored death rates,1
forms per population,1
philadelphia health council,1
negro patients examined,1
tuberculosis death rate,1
color table deaths,1
five tuberculosis clinics,1
philadelphia inclusive white,1
negro tuberculosis problem,1
tuberculosis among negroes,1
blanket making time,1
young mans heart within,1
buff trip slip,1
pink trip slip,1
blue trip slip,1
saved st michaels,1
de vay around,1
tell tell tell shouted,1
cries charco charco,1
hail ye saints,1
threecent fare punch,1
poor little fellow,1
said hed rather,1
dear little girl,1
veteran bayard taylor,1
george washington oh,1
old pianner go,1
wilberforce concert company,1
could never get,1
morn till eve,1
dry goods boxes,1
way joe looked,1
two million negro women,1
past twelve months,1
dear mrs loving,1
mrs loving shes,1
many years ago,1
crying little boys,1
fast little boys,1
boymy george rachel,1
child hides behind,1
though thinking aloud,1
come back tomorrow,1
outer door opens,1
little tin horn,1
united states employment office washington,1
miner normal school washington,1
female negro domestic workers,1
united states employment service,1
personal service per cent,1
male negro domestic workers,1
negro women domestic workers,1
negro domestic workers although,1
white male domestic workers,1
selected domestic service occupations,1
continental united states,1
every eleven negroes,1
female negro domestic,1
female domestic workers,1
past thirty years,1
personal service workers,1
negro domestic workers,1
northern industrial centers,1
domestic service workers,1
negroes ten years,1
negro women years,1
philadelphia per cent,1
day per cent,1
electric washing machine,1
per cent unsatisfactory,1
op cit p,1
white domestic workers,1
per cent decrease,1
per cent dishonest,1
domestic workers union,1
personal service decreased,1
day workers increased,1
received school training,1
young woman sent,1
seventh councilmanic district,1
late madam c j walker,1
mother anne paul smith,1
african methodist episcopal church,1
first colored womens club,1
month saved one hundred,1
first sunday school movement,1
womans christian temperance union,1
lady henry somerset,1
mt meigs alabama,1
womens era club,1
new orleans la,1
patch work quilts,1
commercial high school,1
fourteen years old,1
live stock across,1
two years spent,1
old monongahela house,1
third floor back,1
mr c c spaulding president,1
son mr e c wright,1
take blacks offer ill lend,1
r r wright hes,1
mr howards blacksmith shop,1
mrs e p booze,1
president franklin delano roosevelt,1
white rock baptist church,1
georgia state industrial college,1
three dollars per month,1
national negro bankers association,1
national freedom day association,1
take one hundred hours,1
georgia state teachers association,1
negro public high school,1
ran nearly every step,1
richard r wright,1
reverend cyrus francis,1
howard university law school,1
white star liner,1
late dr booker,1
murrell dobbins school,1
san francisco california,1
georgia industrial college,1
friend william mckinley,1
advised mr baker,1
american missionary association,1
state central committee,1
atlanta baptist seminary,1
georgia industrial school,1
ware high school,1
enlisted colored troops,1
national republican convention,1
five years old,1
good cheer club,1
national freedom day,1
products trading company,1
georgia state college,1
american bankers association,1
colored state fair,1
boys new dormitory,1
private banking license,1
old box car,1
following sunday morning,1
youngest daughter harriet,1
office every day,1
mr black said,1
establish business scholarships,1
drink every drop,1
box car school,1
state banking department,1
commencement day orator,1
would ever receive,1
erstwhile masters family,1
college station georgia,1
first college class,1
prosperous new year,1
states rights sentinel,1
southern banking company,1
richard hot biscuits,1
trust company th,1
th anniversary celebration,1
sell ill sell,1
first joint conference,1
white man said,1
give colored people,1
thoughts turned backward,1
georgia douglas johnson,1
breaks breaks breaks,1
hearts temple child,1
woman falls back,1
leave new york city,1
next day coleridgetaylor went,1
one hundred acres,1
old dilapidated church,1
seven years old,1
twelve years old,1
little shrill voice,1
three years later,1
old british school,1
various subjects religious,1
last three years,1
soon fell asleep,1
free one year,1
work one day,1
bishop b w arnett,1
prof j p shorter,1
mrs maria holland,1
old covered bridge,1
majesty queen victoria,1
greene county ohio,1
payne theological seminary,1
ripe old age,1
war service committee,1
little rock arkansas,1
colored women may,1
susan b anthony club,1
four assembly districts,1
nineteenth assembly district,1
miss helen holman,1
womens suffrage movement,1
political equality association,1
mr dana pledged,1
national equal rights league,1
district grand household,1
miss jeannette carter,1
bridge street african,1
equal suffrage league,1
west th street block association,1
wealthy mrs j borden harriman,1
one hundred women delegates among,1
mrs lydia smith,1
political party thought,1
done splendid work,1
progressive state convention,1
mrs eva carterbuckner,1
los angeles branch,1
cents per day per capita,1
modern cow barn,1
student officers corps,1
virginia industrial school,1
girls receive training,1
colored womans suffrage club,1
miss ruffins letter,1
hot springs meeting,1
labor unionism among negroes,1
th assembly district,1
virtuous black woman,1
educated negro woman,1
anything good come,1
hostess house work,1
williams lloyd garrison,1
single colored member,1
number iii save,1
womens missionary council,1
conductor occupying seats,1
race relationships respond,1
without thorough investigation,1
secure greater attention,1
e church south mrs f,1
e church south mrs w,1
e church south mrs,1
continuation committee recommends,1
janie porter barrett,1
school age b vocational training,1
recreation ii child welfare,1
south gives undue prominence,1
colored women must play,1
also keenly alive,1
enlightened sentiment among,1
secure equal opportunities,1
affect colored women,1
teachers v lynching,1
attention certain conditions,1
us worked side,1
locust street social settlement,1
agricultural institute hampton virginia,1
late mrs j siloame yates,1
ft smith ark,1
pennsylvania state federation,1
god ever established,1
womens clubs held,1
heaven byn bye,1
new york post office,1
rev peter williams,1
father albro lyons,1
new york school,1
lily black wing,1
minimum wage legislation dr burns,1
mandatory minimum wage law,1
applause chairman dewson,1
state industrial standards committees,1
thirty hour week,1
forty hour week,1
silk textile manufacturers,1
organizing public opinion,1
federal reserve law,1
focus public opinion,1
industrial standards committee,1
get better enforcement,1
state employment bureau,1
home work situation,1
would say something,1
organize public opinion behind,1
united states womens bureau,1
state industrial standards committee,1
miss perkins spoke,1
legislation chairman dewson,1
last ten years,1
every sweat shop,1
lady astor asked,1
full weeks work,1
half past eleven,1
limited price stores,1
fiftyfour hour week,1
women employing industries,1
longer operating hours,1
cut throat competition,1
industrial standards guests mrs franklin,1
fiftyninth street tuesday december twelvethirty,1
clock reservation card please reserveplaces,1
preside hotel delmonico park avenue,1
please make checks payable,1
new york subject,1
ten consumers league,1
new york new jersey,1
mrs beyer may,1
carried chairman dewson,1
compact chairman dewson,1
ask mr dinwiddie,1
child labor must,1
national thing working,1
various ohio bills,1
say unemployment reserves,1
prepared address applause chairman dewson,1
joint industrial relations board,1
mr smiths original motion,1
miss wiesman may,1
mr smiths motion,1
minimum wage work,1
first wage board,1
codes chairman dewson,1
state recovery board,1
handle labor complaints,1
minimum wage administration,1
local power company,1
wood heel industry,1
national compliance board,1
state labor departments,1
good labor department,1
business mans point,1
would really like,1
carried jeanette studley moved,1
carried miss dewson moved,1
thirtyfourth annual meeting,1
rational consumers league urges,1
labor standards conference,1
labor standards committee,1
second class matter,1
october december february,1
rhode island league,1
thirtyfifth annual meeting,1
national consumers league welcomes,1
national consumers league believes,1
royal worcester corset company,1
ten thousand copies,1
new york edward,1
illiterate children appearing,1
kentucky consumers league,1
fiftyfive hours law,1
several state leagues,1
state consumers league,1
reading writing english grammar,1
newly enacted statute prohibits work,1
disseminate official information relating,1
initial measure gives promise,1
stores offices messenger service,1
twelve months next preceding,1
national consumers league take,1
local child labor committees,1
national child labor committee,1
children thus exempted need,1
present year provided restrictions,1
fruit preserving establishments,1
original unbroken packages,1
attended night school instead,1
cruelly short moreover,1
near future towards,1
united states pharmacopoeia,1
manufacture thus excluding,1
admirable new law,1
state consumers leagues,1
manufacture kansas kansas,1
exceed ten hours,1
sordidly place upon,1
requiring school attendance,1
school last attended,1
least twelve weeks,1
life limb health,1
second serious defect,1
street trades even,1
weeks work may,1
first five years,1
compulsory education law,1
compulsory education laws,1
school board principal,1
given full discretion,1
mines prohibiting work,1
childs age required,1
russell sage foundation,1
w c ritchie co,1
womans ten hour law,1
w e ritchie,1
ten hours per day,1
st paul seminary,1
oregon consumers league,1
food sanitation committee,1
pure food committee,1
elect honorary vicepresidents,1
executive committee adopted,1
conducting mechanical establishments,1
unreasonable limitation upon,1
immediate personal use,1
first class within,1
ten hours law,1
said goods materials,1
public interest requires,1
female shall work,1
whiskey labeling resolutions,1
council upon recommendation,1
pure food law thereby opening,1
federal judges robb thompson,1
restraining words imitation compound,1
adulterated foods drugs liquors,1
state food officials members,1
whereas food inspection decision,1
foods drugs liquors,1
food inspection decisions,1
eminent food chemists,1
unlike substances therefore,1
food drugs act,1
united states urging,1
consumers leagues members,1
pure food evening session p,1
council afternoon session p,1
evening session p,1
march st session,1
wisconsin mrs guy,1
consumers league mach,1
lochner vs new york u,1
muller vs oregon u,1
accepted mrs nathan moved,1
united states brewers association,1
fly fighting committee,1
preserving perishable goods,1
mill manufacturing mechanical,1
vegetable canning establishments,1
womans physical structure,1
child welfare exhibit,1
living wage section,1
barley malt hops,1
one day sec,1
food committee reports,1
maternal functions place,1
christmas dont receive packages delivered,1
saturday afternoons dont leave,1
national consumers league protests,1
improve conditions unless sustained,1
salespeople dont neglect,1
minimum wages boards,1
college settlements association,1
minimum wages legislation,1
ten hour law,1
prison contract labor,1
intelligent public opinion,1
last annual meeting,1
december receipts contributions consumers league,1
ritchie vs people supra,1
maine quota consumers league,1
mr arthur n holcombe,1
delaware quota consumers league,1
wisconsin quota consumers league,1
upon conviction thereof shall,1
working unreasonably long hours,1
adjourned fourteenth annual session,1
oregon industrial welfare commission,1
senator la follette,1
state normal school,1
minimum wage rulings,1
accounts payable cash,1
legal minimum wage,1
wage boards shall,1
central council shall,1
new wage board,1
first international conference,1
young persons u,1
wage board shall,1
commission may require,1
consumers leagues must,1
maximum hours law,1
inadequate wages upon,1
minimum wages sufficient,1
executive committee recommends,1
new york retail bakers association,1
greater new york taxpayers association,1
new york flour club,1
vow york produce exchange,1
real estate owners,1
ninety per cent,1
childrens wearing apparel,1
national child life committee,1
bill mr fluegelman,1
vow york chapter,1
mind mr phillip,1
wholesale bakers association,1
ordinary department stores,1
tenement house laws,1
new york today,1
ask mr elkus,1
sweat shop work,1
future cellar bakeries,1
fruit growing industry,1
packs substantially nothing,1
keep cellar bakeries,1
hew york city,1
state factory investigation commission,1
great moral dangers,1
fairly broad discretion,1
mcc lindsaycolumbia university professor r,1
national womens trade union league,1
united states january pp brief,1
regional consumers league shall pay,1
laws limiting womens hours,1
making work safer wholesomer,1
children whose indirect employers,1
national consumers league recommend,1
national consumers league proposes,1
federal child labor law,1
promote better conditions among,1
oregon minimum wage case,1
oregon ten hours law,1
promote legislation either state,1
professor felix frankfurter,1
outlook april pages,1
cheapest markets regardless,1
survey may pages,1
regional league shall,1
wisconsin professor james,1
producers suffer rests,1
new york court,1
saturday half holiday,1
local consumers leagues,1
minimum wage case,1
executive committee notice,1
eight hour law,1
public service corporations,1
survey february pages,1
local league shall,1
chicago dr john,1
half past six,1
california eighthour law,1
public service commission,1
may appear expedient,1
secure adequate investigation,1
best paid service,1
fifteenth annual session,1
war hon charles j bonaparte,1
minnesota program friday december th,1
visitors brief reports,1
new york city consumers league,1
mrs frederick nathan president,1
labor miss josephine goldmark,1
labor friday november th,1
thursday evening november th,1
new york author,1
commerce mayor newton,1
college club reports,1
experience meeting p,1
family rev john,1
ryan catholic university,1
mrs weston seconded,1
miss stokes seconded,1
eighteenth annual meeting,1
laundry work box making,1
columbia minimum wage bill,1
new york county chapter,1
government work poor conditions,1
slightly different processes,1
baker president waikiniton,1
public messenger service,1
agricultural units moved,1
womens work ran,1
six oclock car,1
parcel checking rooms,1
fair wage adjustments,1
street oar service,1
wartime work may,1
massachusetts league spoke,1
high wages characteristic,1
colored women even,1
following appointments committee,1
colored women working,1
women replace men,1
women underbid men,1
necessary shall recommend action,1
national consumers league label,1
mrs baker seconded,1
nineteenth annual meeting,1
miss pauline goldmark,1
dr david l edsall chairman,1
storage warehouses clean thoroughly equipped,1
thirteen months ended october st,1
pure rich milk butter,1
child labor bill drafted,1
materials used frequently injure,1
unavoidable food shortage caused,1
national consumers league endorse,1
national consumers league request,1
city abattoirs markets,1
materials enormously increased,1
twentieth annual meeting,1
ten years program,1
money nullify increases,1
stimulating increased supplies,1
early legislative action,1
assure increased production,1
american food problem,1
give especial attention,1
industrial unrest therefore,1
whereas legislation affecting,1
whereas dishonest products,1
make industry poisonfree,1
whereas poisonous processes,1
second national bank metropolitan bank,1
miss goldmark seconded,1
miss hunt seconded,1
honest cloth bills,1
home would lose frances perkins,1
allies inn cor th,1
blanket method dean acheson,1
state equalizing bills,1
children wifes right,1
rauschers connecticut avenue,1
rauschers thursday november,1
earnings equal right,1
women equal guardianship,1
committee recommends action,1
board proposed methods,1
young violinists life dream,1
local secretaries one month,1
chief labor inspector,1
state industrial inspection department,1
dyer antilynching bill,1
laura spelman fund,1
republican state platform,1
us supreme court,1
governor alfred e smith replies,1
table seating ten persons may,1
miss jane addams honorable newton,1
mrs albert de silver marion,1
mrs f h deknatel mr,1
jamison alvin johnson mr,1
straight nelle swartz mr,1
fifty cents individual seats,1
choate mabel choate fanny,1
mrs gerard swope mr,1
twentyfive years leadership,1
seven fifteen oclock,1
reserved kindly reply,1
dinner committee care,1
woods miss mary e woolley,1
mrs sumner b pearmain mr,1
rev endicott peabody mr,1
fifty cents individual skats,1
cannon miss caroline,1
filene miss margaret,1
houghton miss edith,1
john graham brooks,1
neilson toastmaster among,1
tables seating eight,1
eliot mrs david,1
wills mrs williard,1
woodbury mrs robert,1
ten persons may,1
ordinary social relationships talking delightfully,1
refusal published without protest woolworth,1
protested two rulings made prior,1
chairman mr theodore b pierce,1
large grocery establishment packing candies,1
administration office work clerical bookkeeping,1
wage rate finally agreed upon,1
maintained clinics lunch rooms,1
three different forms one form,1
occupational diseases illeg illeg,1
miscellaneous league quotas sale,1
mild generous loving members,1
sewing cheap felt slippers,1
wage finally decided upon,1
improve home working conditions,1
auditing oct organizations associated,1
another womans group battling,1
upon motion duly made,1
otherwise mutual benefit associations,1
whereas minimum wage legislation,1
industry three associate commissioners,1
three classes excellent shops,1
might otherwise go unobserved,1
certain vivid definite things,1
clean conditions new jersey,1
home conditions much light,1
really well qualified inspector,1
receiving lump sum contributions,1
cloak industry last fall,1
man said miss wiggin,1
minimum wage situation today,1
mrs kelley yes,1
said yesterday finally brought,1
really wish social progress,1
new york state began,1
wage boards might affect,1
present industrial system means,1
consumers league public recognition,1
national consumers league ask,1
wage decided upon,1
labor secretary met us,1
good shops b,1
convinced us every time,1
meeting mrs kelley,1
mr shilliday came,1
said miss wiggin,1
minimum wage division,1
sordid crowded rooms,1
child welfare division,1
minimum wage friends,1
chairman mrs cushing,1
prevailing minimum rate,1
organizing joint boards,1
poor shops c,1
b grade therefore,1
two wage boards,1
every grocery store,1
minimum sum less,1
wage boards especially,1
pretty influential woman,1
hannah heyman received,1
candy wage board,1
joint board realizes,1
state labor inspector,1
insurance system whether,1
three different establishments,1
governor pinchots administration,1
millinery boards budget,1
accumulated historical facts,1
looked pretty clean,1
consumers league suggests,1
often carelessly filled,1
book without calling,1
consumers league bulletin,1
unorganized condition exposed,1
course greatly hampers,1
public service interest,1
consumers league realized,1
order suddenly assume,1
sixth grade law,1
intensive educational campaign,1
people naturally interested,1
delegate certain things,1
candy board arrived,1
supreme court decision,1
reaching public opinion,1
annual meeting refer,1
concentrated effect brought,1
stock findings industry,1
delicate little children,1
really something like,1
manager said may,1
state court decision,1
term acting director,1
little official groups,1
administration left much,1
delegates may like,1
little special order,1
could get employer,1
paper would take,1
said would help,1
sixteen decrees operative,1
administration could know,1
employees thought necessary,1
make people want,1
colored woman would,1
look back upon,1
massachusetts consumers league,1
national consumers league invites,1
league office fifth ave,1
industry business meeting,1
childrens bureau throughout seven years,1
national consumers league advocate suits,1
specialized vocational training v whereas,1
progress ix whereas poisonous chemicals,1
national consumers league exert,1
national consumers league endeavor,1
national consumers league discourage,1
decent living conditions even,1
womens joint congresional committee,1
inordinate pressure put upon,1
used without proper study,1
impose pressure upon industries,1
various sorts including drives,1
compulsory unemployment insurance administered,1
carry compensation insurance therefore,1
permanent injuries minors compensation shall,1
whereas seventeen states recognise,1
minors made conditional upon,1
whereas many workers unbeknownst,1
minors low wages therefore,1
whereas many married women,1
infant welfare lapsed,1
infants iv whereas,1
attack upon unemployment,1
present distributed among,1
regularly accumulating funds,1
accumulating information regarding,1
sufficiently strong position,1
available information points,1
exceedingly small number,1
domestic service separately,1
league promote amendments,1
compensation laws prescribing,1
double compensation shall,1
unemployment insurance offers,1
unemployment insurance could,1
done countless workers,1
therefore suffered severely,1
family income therefore,1
considered hazardous therefore,1
always much lower,1
industrial injuries show,1
whereas separate tabulation,1
present emergency especially,1
present industrial depression,1
support charity drives,1
whereas minors wages,1
states tabulate injuries,1
included occupational diseases,1
federal employment exchanges,1
next six months,1
notorious indian chief,1
next five years,1
general electric company,1
public welfare department,1
white list miss dewson,1
white list mrs manchester,1
sell white list candy,1
hotel sinton candy,1
standard miss turner,1
sort miss dewson,1
white list candy,1
buy cheap candy,1
julius kaiser company,1
full fashioned hosiery,1
department dr wynne,1
mountain mill villages,1
yellow dog contract,1
ask mr edleman,1
new york people,1
great many years,1
american economic system,1
present white list,1
life extension institute,1
million dollar firm,1
sound economic basis,1
great many people,1
much smaller firm,1
chain store competition,1
previous speaker said,1
chain store organization,1
chain store unit,1
chain store problem,1
carried miss goldmark resolution whereas,1
mrs kelley mrs kelley,1
united states public health service,1
properly constituted state authority,1
women street car conductors,1
near new york city,1
miss kenyon yes,1
new plan rests upon,1
half hours per week,1
mrs harriman simmons,1
carried miss goldmark,1
mrs cushings resignation,1
carried mrs kelley,1
food handlers cards,1
carried vicepresident cushing,1
social workers put together,1
report mrs hostley,1
week miss dewson,1
list miss turner,1
eighteen mrs kelley,1
medium sized city,1
directors mrs kelley,1
council mrs kelley,1
mr larue brown,1
standard mrs kelley,1
ask miss magee,1
sixteen mrs kelley,1
stores miss dewson,1
montana constitution says,1
women elevator operators,1
blood forming organs,1
womens clubs bulletin,1
new york list,1
seconded mrs kelley,1
adoption miss lauder,1
radio active substances,1
average weekly wage,1
one single challenge,1
industrial art schools,1
three years ago,1
tyson theater case,1
leaves us free,1
private employment agencies,1
permanent partial disability,1
urgently needed additions,1
junior employment people,1
long island city,1
half hour law,1
first white list,1
full compensation rate,1
state labor law,1
bing law came,1
leading candy manufacturers,1
post office department,1
continuation schools would,1
continuation school girls,1
white children first,1
night work legislation,1
full time work,1
city health department,1
one candy factory,1
dont quite know,1
part time certificates,1
dont know anything,1
didnt want women,1
one board meeting,1
find women employed,1
applause chairman lathrop,1
old hickory tennessee,1
marion manufacturing company,1
three hundred girls,1
last eight months,1
fiftysix hours work,1
coming thirty years,1
get better conditions,1
didnt know anything,1
didnt say anything,1
ends would come,1
massachusetts child labor committee,1
best looking babies,1
last years bill,1
womans bureau report,1
school age bill,1
perfectly absurd thingsbut people seem,1
former federal child labor law,1
adopted miss dewson resolution whereas,1
said something intelligent mrs costigan,1
next division miss wiley,1
womens joint congressional committee,1
american engineering standards committee,1
impressive miss wiggin may,1
farmers states right league,1
farmer states right league,1
moscow miss wiley,1
carried miss dewson,1
study fall river made,1
say mrs costigan,1
next congressbut something,1
mother wash dishes,1
mrs williams seconded,1
caused consternation throughout,1
federal aid continues,1
southern textile bulletin,1
labor movement investigated,1
two years extension,1
child labor legislation,1
five year extension,1
four farmers names,1
best legal advice,1
united states especially,1
amendment twentyfour states,1
childrens bureau early,1
exceedingly adroit move,1
means bureaucratic control,1
would mean nationalization,1
infancy legislation centralization,1
stand anything like,1
illeg illeg illeg,1
enlightening public opinion,1
special contingent fund,1
employment certificate issued,1
money came back,1
family service relief funds,1
estelle lauder eastern pennsylvania,1
hon frances perkins,1
ohio workmens compensation law,1
birth registration area,1
conflict president commons,1
next miss dennis,1
illeg secretary kelley,1
ohio miss jones,1
soft coal fields,1
yellow leaflet illeg,1
rational consumers league,1
womens trade union,1
carried miss dennis,1
carried president commons,1
great army behind,1
years illeg illeg,1
see two working women,1
seven years ago,1
state secretary kelley,1
mutual insurance companies,1
child labor committee,1
per cent basis,1
social remedy rather,1
child labor association,1
independent labor department,1
wiley new jersey,1
new fork city,1
national manufacturers association,1
workmens compensation bill,1
children illegally employed,1
mutual insurance company,1
year old boy,1
give prayerful consideration,1
fathers first name,1
accident compensation law,1
state industrial commission,1
much man power,1
suggested changes resolution,1
second national negro congress,1
social security act,1
mrs lydia c smith,1
j sheldon cartwright secretary,1
said company capital paid,1
authorized capital stock,1
white race great,1
hope day nursery,1
mrs f e w harper,1
mrs fannie barrier williams,1
dr n f mossell,1
subjects hope dread sire,1
womanaposs christian temperance union,1
h cordelia ray,1
miss imogene howard,1
bay st louis,1
womenaposs medical college,1
nursesapos training school,1
worldaposs columbian exposition,1
three yearsapos course,1
womanaposs loyal union,1
exquisite memorial volume,1
last five years,1
love hath failed,1
devotions minutes reports,1
executive board p,1
st johns river,1
said mrs bethune,1
democratic womens club,1
hat women shall,1
board fixing wages,1
time fall far short,1
equal moral standard,1
dental womans club,1
matrimonial causes bill,1
women medical officers,1
common law disabilities,1
said child shall,1
standing order shall,1
acts inconsistent herewith,1
administrative officers shall construe,1
rhode island womans party,1
administrative officers shall make,1
often unseasonable hours,1
feminine gender unless,1
various courts executive,1
wisconsin teachers council,1
war cabinet committee,1
b equalizing age,1
mother takes care,1
desperation neither morality,1
chapter ii sec,1
first five nights,1
minimum wage decision,1
young mind goes,1
mrs kathryn van leuven,1
april th comments,1
united states senator,1
establish uniform procedure,1
superior physical strength,1
oklahoma supreme court,1
dependent upon man,1
taken place since,1
favor upon women,1
least one year immediately preceding,1
united states hawaii alaska,1
n w p,1
hebrew union college,1
central pennsylvania branch,1
american woman marrying,1
woman whose husband,1
naturalized upon full,1
mr moffittto provide,1
wife may sue,1
wife house bill,1
surviving husband shall,1
natural protectors observe,1
dismissing women teachers,1
first equal rights meeting held,1
mrs kents committee,1
given greater authority,1
seneca falls meeting,1
night work laws,1
mount hope cemetery,1
hour week bill,1
seneca falls new york,1
mary ann mcclintock,1
mt hope cemetery,1
hour bill applying,1
mayor van zandt,1
w moran chairman,1
rhode island branch,1
miss pauls visit,1
nina e allender,1
follette village president,1
great national service,1
purely feminist movement,1
miss lenore cawker,1
v j peterson,1
majestys civil establishments shall,1
separate establishment lists,1
common seniority list,1
new womens association,1
seneca county courier,1
miller poet laureate,1
equal rights agitation,1
atlantic seaboard states,1
thirtysixth congressional district,1
july th issue,1
women make valuable members,1
mere life estate,1
miss pauls honor,1
found women jurors,1
lucretia mott elizabeth cady stanton,1
seventyfifth anniversary year,1
men regular session,1
twentyfifth congressional district,1
school leaving age,1
sole natural guardian,1
meeting call upon,1
class room teachers supervised,1
new york city branch,1
mary anderson director,1
phi beta kappa,1
professional training equivalent,1
north central states,1
paid considerably higher,1
e superintendents principals,1
class room teachers,1
north central association,1
state constitution must,1
state board women,1
twentyseventh annual meeting,1
national equal eights amendment,1
coming year women,1
dr louise heilbron,1
mothers pension laws,1
g l ch sec,1
massachusetts womens republican club,1
rhode island supreme court,1
common law rule,1
real estate provided,1
national womans trade union league,1
new york city federation,1
life members founders members,1
national students council,1
new england women,1
mrs p f orourke,1
club call upon,1
disabled exservice women,1
des moines business,1
court would interpret,1
courts may interpret,1
united states senators,1
womans national league,1
woman suffrage women,1
womens nonpartisan clubs,1
sara p grogan,1
san diego branch,1
new international order,1
hours conditions remuneration,1
equal eights movement,1
brooklyn rapid transit womens league,1
paris mrs klara ericsson,1
womans trade union league,1
special labor legislation applying,1
mrs wintringhams bill,1
womans party leaders,1
proposed government measure,1
earn full wages,1
local committees life members,1
medieval hindu scholastics,1
summary jurisdiction separation,1
proposed equal rights plank,1
farmer labor party,1
british empire exhibition,1
constitutional amendment providing,1
womans party presented,1
st paul committee,1
april th number,1
national farmerlabor convention,1
westport inn westport,1
july th convention,1
international woman suffrage news,1
august th th,1
deemed good cause,1
la follette committee,1
library boards members,1
school boards members,1
health boards members,1
trade unions congress held,1
greens estate n,1
husbands surname upon,1
iss van skite,1
womans party candidates,1
womans peace union,1
husbands name affixed,1
nominated last spring,1
new progressive party,1
womans party must,1
rendering women eligible,1
mrs burton avery,1
corrections c c,1
husband married women,1
cant get away,1
forty state legislatures,1
senator cummins chairman,1
new york symphony orchestra,1
name abigail aldrich,1
four women members,1
said james e ferguson,1
womens equal rights bill,1
miss van kleek,1
mens labor movement,1
miss thomas opinion,1
childrens aid allowances,1
equal guardianship law,1
c mrs henrietta smith,1
following equal rights measures,1
professional voting woman today,1
south carolina branch,1
columbia law school,1
town hall club,1
mrs fenwick miller,1
domestic relations law,1
mr boyles bill,1
resolution follows resolved,1
equal opportunity league,1
basic hour day,1
man would receive,1
democratic governors veto,1
miss black must sign,1
ruby aurora black,1
passport control division,1
newly formed british advisory group,1
british advisory group,1
american womens club,1
international labour organization,1
gain full immediate suffrage,1
porto rican women citizens,1
new york passport division,1
new marriage law,1
making words obedient,1
international advisory group,1
national womans party believe,1
new york state court,1
equal pay law,1
public school teachers,1
oldest suffrage organization,1
national womans party presented,1
mrs la follette,1
equal rights tour,1
baroness ishimoto says,1
american women dramatists,1
first turkish woman,1
womens labor union,1
interstate commerce commission,1
local governing body,1
yale law school,1
jacob eiis settlement,1
titles formerly applied,1
reforms enquiry committee,1
gift bequest devise,1
equal rights question,1
want equal rights,1
hour week law,1
entire community property,1
husbands separate income,1
bryn mawr summer school,1
country mrs baker,1
giving vanishing parties,1
one months imprisonment,1
last two years,1
la femme socialiste,1
last twenty years,1
take immediate steps,1
chilean law court,1
swedish civil service,1
number one wife,1
cant daddy help,1
absence without pay,1
assistant united states district attorney,1
french huguenot blood,1
women alike working,1
nearly fifty years brought douglass,1
evening journal version,1
workers birth control group,1
national womans party garden,1
mrs bertrand russell,1
married womens keeping,1
rural new yorker,1
womans party delegates,1
first woman ever,1
international woman suffrage alliance congress,1
liga social sufragista,1
porto rican legislature,1
women telephone operators,1
hour week overtime none applies,1
hour day p,1
special legislation applying,1
international feminist committee,1
industrial equality resolutions adopted,1
rigorous medical examination,1
elizabeth blackwell chair,1
socalled mothers pension laws,1
american bar association journal,1
international relations committee,1
cannot take care,1
woman assistant secretary,1
woman patriot publishing company,1
national womans party one,1
taken legal steps,1
street car employes union,1
conference called together,1
womens bureau make,1
law preventing us,1
well theres always scrubbing,1
shrink three inches,1
prominent welfare worker,1
equal rights advocates,1
labor temple forum,1
womens work different,1
trade union congress,1
joining labor unions,1
getting equal rights,1
special restrictive labor laws,1
equal inheritance laws,1
give due consideration,1
young women workers,1
mastickshonk hourweek bill,1
national womans party like,1
miss jessie dell,1
civil service commissionership,1
proposed mastickshonk bill,1
women government clerks,1
government workers council soviet,1
austrian womens movement,1
international feminist union,1
american womans association,1
mrs garner drove,1
michigan branch spoke,1
imaginary sex weaknesses,1
would supply us,1
joint administrative board,1
something positively farcical,1
kansas city council,1
impossible maternity laws,1
american woman married,1
womens engineering society,1
industry new york state department,1
dr elizabeth faulkner baker,1
new york city made,1
womens democratic club,1
arizona state committee,1
legislation limiting hours,1
new york harbor,1
leading business woman,1
put equal rights,1
five years since,1
charleston south carolina,1
washington former treasurer,1
hold open hearings,1
one make two,1
equal rights february,1
may total disbursements,1
new york society,1
may balance may,1
womans party december,1
hotel belvedere baltimore maryland,1
dear miss paul,1
womans party bill,1
international air navigation commission,1
dr baker points,1
impose fresh handicaps,1
equal citizenship england,1
united free church,1
motto equality first,1
old feminists believe,1
new jersey laws,1
equal rights association,1
first woman miller,1
mrs landes took office,1
american mission school,1
dock mrs belmont,1
womans party table,1
public record office,1
woman factory worker,1
st paul branch,1
militant suffrage movement,1
international labor review,1
federated farm women,1
positions paying salaries,1
women home workers,1
community personal property,1
washington state branch,1
law miss white,1
new factories bill,1
helen hamilton gardener,1
daughter mme samy,1
women mrs gardener,1
arts letters science industry,1
nominating miss le gallienne,1
miss le gallienne,1
edna browning ruby,1
lesser intellectual qualities,1
convention finance committee,1
attractive salaries still far exceeds,1
mrs henry lockwood,1
sara bard field,1
ineradicable male instinct,1
madras legislative council,1
womens enfranchisement association,1
become accommodation endorsers,1
permit married women,1
white slave trader,1
white slave traffic,1
international womens organizations,1
mrs william kent,1
womens republican club,1
assembly senate bill,1
women jurors bill,1
woman deputy state game warden,1
international dental health foundation,1
dr balls work,1
executive committee members,1
highly skilled professional,1
electoral reform bill,1
cabinet without portfolio,1
womens bureau found,1
existing law prohibiting women,1
half million dollars,1
national executive department,1
la donna italiana,1
maryland free state,1
porto rican woman,1
american woman nativeborn,1
married womans estate,1
eight bills introduced,1
married woman responsible,1
national american woman suffrage association,1
state teachers welfare league,1
state teachers association,1
feminist may see,1
woman school teacher,1
personal community property,1
girls glee club,1
mr antonio barcelo president,1
state equal rights legislation,1
porto rican women,1
minnesota state branch,1
national political issue,1
parent whether father,1
journalism theta sigma phi,1
annual cash prize,1
womans medical school,1
womans medical college,1
best editorial essay,1
regulations upon individuals,1
club femenino de cuba,1
british civil service,1
womans freedom league,1
indian national congress,1
fascist labor charter,1
colorado springs convention,1
secure equal rights,1
last six years,1
monument valley park,1
new executive committee,1
every four men,1
victoria claflin woodhull martin,1
outdoor mass meeting,1
fully accredited delegate,1
equal rights envoy,1
industrial legislation based,1
catholic citizen official organ,1
president coolidges withdrawal,1
alexandra kolontai published,1
roman catholic church,1
new york heraldtribune,1
give married women,1
university medical school,1
industrial legislation regulations,1
thirty years younger,1
steamship clerks freight handlers express,1
female employee getting married,1
baltimore ohio railroad,1
perfectly functioning body,1
splendid modern woman,1
economic barriers raised,1
new jersey legislature,1
equal rights atmosphere,1
antifeminist labor men,1
minimum wage convention,1
would destroy equality,1
new york bureau,1
drawing maximum salaries,1
kellogg peace treaty,1
mrs loring pickering,1
protective legislation puts,1
trunk line association,1
ticket agent whether,1
indian muslim women,1
lucretia motts work,1
women house painters,1
fairhill meeting house,1
states much legislation designed primarily,1
ones whose election offers,1
katrine heath jones,1
state officers founders,1
first time since,1
la revue de la femme,1
atlantic city business,1
long islands order,1
signed eleanor roosevelt mrs franklin,1
seniority could displace,1
harold f mccormick,1
help make payments,1
national womans party adopted,1
governor smith concept,1
past six years,1
many women realize,1
minimum wage board within,1
lucretia motts birthday,1
united states hygienic laboratories,1
married women teaching,1
partido democratico sufragista,1
womans partys work,1
additional pay extra allowance,1
st pauls memorial church,1
national womans party delegation,1
alfred e smith,1
new social order,1
argentine government commission,1
new jersey assembly,1
womans party woman,1
go far enough,1
hold national office,1
professional panhellenic association,1
daughter heath jones,1
women miss stevens,1
hours per day,1
united states patent office,1
game little chap,1
mrs flora drummond,1
virginias womens organizations opposed,1
porto rican branch,1
equal rights proposal,1
french civil code,1
miss jose collins,1
marriage st joans,1
inland revenue department,1
highest salary paid,1
free woman might,1
bill already passed,1
surviving husband without administration,1
brooklyn new york,1
community property vests,1
public speaking department,1
community property vested,1
wife dies without,1
community property acquired,1
one time president,1
wife may make,1
two hundred years,1
public opinion demands,1
washington hours convention,1
grand old cause,1
organized working women,1
archdale former editor,1
unfavorably acted upon,1
paid work done,1
womans leader official organ,1
womans party upon,1
resolution calling upon,1
economic advisory committee,1
waterford new york,1
protective legislation based,1
contagious diseases acts,1
also women looking,1
die frau im statt,1
womans party spoke,1
proposed supreme court building,1
national feminist party,1
ewart memorial hall,1
united states civil service,1
p mbusiness session parlors,1
noonbusiness session parlors,1
antlers hotel program,1
income tax division,1
miss alice carpenter,1
woman sit upon,1
geneva disarmament conference,1
united states civil service commission,1
women college students,1
women first served,1
give de jure recognition,1
equal rights amendment bill,1
clear demarcation line,1
part upon sex,1
world war started,1
give increased dignity,1
employment mutually satisfactory,1
advanced position taken,1
womens liberal federation,1
greatest woman pianist,1
nothing herein contained shall apply,1
new jersey section one,1
large per cent,1
high per cent,1
manufactory mercantile establishment,1
c secretary mrs dwight clark,1
c vicechairmen gail laughlin,1
c treasurer laura berrien,1
mrs william j carson,1
house judiciary committee today,1
girls friendly society,1
widely varying discriminations,1
federal constitutional amendment,1
emancipation completethe stronghold,1
militant suffrage campaign,1
geneva insist upon going forward,1
mrs fred g usilton,1
written providing equal rights,1
law founded upon inequality,1
united states would refrain,1
hague nationality convention discriminating,1
international agreement recognizing,1
bending every effort,1
following reservation providing,1
united states adherence,1
unequal nationality convention,1
keep american women,1
speaker pro tempore,1
washington mr speaker,1
washington mr johnson,1
dear senator walsh,1
j walsh washington,1
industrial equality viewpoint,1
equality reservation campaign,1
mrs stephen h pell,1
h p belmont president,1
family emil eeich woman,1
independent woman official organ,1
john adams familiar letters,1
b bruce woman,1
sealed envelope containing,1
world court resolution,1
house foreign affairs committee,1
modern egyptian girl,1
married womans job,1
fourteen council members,1
baltimore country club,1
convention banning night work,1
stated last friday women,1
adherence mr crail,1
mr hudson right,1
amendment even though,1
old world attitude toward women,1
party advocates effective guarantees,1
baltimore sun june,1
indirect discriminations based,1
country shall become,1
winnetka illinois member,1
works eight hours,1
proposed equality reservation,1
per cent would mean,1
miss laura berrien,1
american women marry abroad,1
marriages took place,1
eyes open knowing,1
united states would,1
equal rights amendment may come,1
new york times august,1
royal oak committee,1
public funds insurance,1
would know enough,1
country far better,1
public affairs university,1
lola maverick lloyd u,1
eugenie meller hungary,1
codification projects affecting,1
government workers council shall,1
one entirely dependent,1
annual fall meeting,1
minimum wage scale,1
laws apply equally,1
rhode island council,1
ladies home journal,1
given intervals whether,1
executive committee choice,1
draft resolution submitted,1
general international agreement,1
certain questions relating,1
congress sept amended july,1
naturalisation de faveur,1
james brown scott,1
minimum wage rule,1
wife shall henceforth,1
nationality taking particularly,1
massachusetts bay colony,1
husband captain j,1
vitally essential principle,1
world court tuesday,1
union theological seminary,1
average weekly expenditure,1
economy act repealed,1
mens clothing industry,1
woman wage earner,1
paid per cent,1
home civil service,1
ordinarily perform manual work,1
women holding positions,1
making women eligible,1
new york boston baltimore chicago,1
married persons whose husbands,1
married women government workers,1
senator mckellar oh,1
anna kelton wiley,1
law mrs avery,1
personnel reclassification board,1
people could go,1
married men employed,1
mrs harvey w wiley president,1
resisting continental congress,1
siener corresponding secretary,1
susan b anthony memorial dinner,1
national political party,1
nine suffrage states,1
lucretia mott susan b anthony,1
national statuary hall,1
motion picture censors,1
new york chapter,1
motion picture industry,1
united states supreme court said,1
present day trend,1
fixing minimum wages,1
proposed hour week,1
lord baltimore hotel baltimore maryland,1
mistress margaret brent,1
risen today halleluliah halleluliah hosanna,1
international agreements mrs belmont gave,1
mrs earl e,1
mrs belmont gave,1
individual countries might,1
tertius noble organist,1
many countries met,1
st thomas church,1
human race fulfill,1
struggle might continue,1
washington permanent headquarters,1
paris women leaders,1
cary thomas president emeritus,1
protect women workers,1
normal adult citizens,1
prevent married women,1
public pay roll,1
wife need never make,1
tax exemption purposes,1
lessens efficiency marriage,1
given equal opportunity,1
national government workers council,1
state departments objections,1
senator reeds office,1
senator kings bill,1
deprive either spouse,1
harriot stanton blatch,1
women lawyers association,1
outlying possession owing allegiance,1
child hereafter born,1
child shall acquire,1
united states provided,1
existing nationality law,1
governing body decided,1
equal rights amendment joint resolution,1
bipartisan civil service commission,1
new economy bill passed,1
federal civil service,1
montana state committee,1
new york representing,1
year ago provided,1
federal government employes,1
dismissing married women,1
another government employe,1
miss frances perkins secretary,1
mrs florence bayard hilles,1
minimum wage law applying,1
state mr william phillips,1
proposed subdivision b,1
regular monthly meeting,1
high government policy,1
madam secretary perkins,1
richmond virginia president,1
c gave published,1
deputy chief librarian,1
international relations program,1
longer lose united states citizenship,1
save massachusetts industry,1
women couldnt vote,1
fifteenth annual convention,1
baltimore county branch,1
first woman governor,1
national council state chairmen,1
minimum wage regulations,1
womans party workers held,1
state legislative authority,1
independent offices bill,1
national womans party workers held,1
nationality bill h r,1
united states delegation acting,1
united states law,1
c may call,1
restrictive labor legislation,1
delaware county branch,1
projected world code,1
american man marrying,1
american equal rights association,1
marie moore forrest,1
women college graduates,1
margherita robles de mendoza,1
united states studies made,1
survey recently conducted,1
national eetail dry goods association,1
national industrial eecovery act,1
industrial recovery administration,1
new york chairman,1
present wholesale dismissals,1
women civil industrial,1
throw women back,1
hours night work,1
risen today halleluiah halleluiah hosanna,1
st huberts chapel,1
marine band played,1
let hitler know,1
married womens problem,1
womans partys program,1
codes already made public,1
plain ministerial duty,1
united states navy,1
women get cents,1
dear mr president,1
family income reaches,1
minor children mothers,1
voting office holding,1
women back home,1
professional womens association,1
anita pollitzer vicechairman,1
public welfare administration,1
classified civil service preference shall,1
first picket line stood,1
classified civil service,1
higher minimum wage,1
keep educated women,1
married persons dismissed,1
taking dangerous chances,1
legal research committee,1
johns hopkins medical school,1
washington university school,1
sleeping sickness victims,1
first important finding,1
middlebury college middlebury vermont,1
judge genevieve r cline,1
macmurray college jacksonville illinois,1
los angeles board,1
industrial welfare commission,1
adjutant generals office,1
national federation business,1
jewish womens movement,1
war department officials,1
securing uniform action,1
moving picture machine operators,1
theatrical stage employees,1
hotel du pont,1
sending women back,1
public sentiment nothing,1
two existing ministries,1
du pont hotel,1
following resolution whereas,1
first womans rights convention,1
maud younger chairman,1
dismissed last june,1
edith houghton hooker maryland chairman,1
world court adherence statute,1
unpaid bills amounting,1
southeastern pennsylvania division,1
twentyone american republics,1
establish uniform rules,1
throwing industry code,1
womans party seeks,1
equal rights council,1
womans rights movement,1
women equal rights,1
colvin national chairman,1
masculine terms include women,1
women already dismissed,1
protective labor legislation,1
collective noun man,1
civil works administration,1
e streets n w washington,1
c day printing company publications,1
dodge hotel north capitol,1
dodge come early enough,1
national womans party equal rights,1
transmit united states citizenship,1
state liquor control bill,1
christmas bells ring,1
christmas tree goes,1
welcome christmas guest,1
human relations subscribe,1
st paul minnesota,1
recent biennial convention,1
conference grant equal civil,1
womens consultative committee created,1
world court adherence,1
state william phillips,1
united states signed,1
sra ana rosa tornero,1
v de demichelli delegate,1
mexico srta minerva bernardino,1
sixth pan american conference,1
urged president roosevelt,1
woman whether married,1
twentyone american eepublics,1
santiago de chile,1
sex race language,1
purely negative action,1
cotton industryour unemployment problem would,1
mrs sarah pell,1
sir herbert austin,1
united states member,1
century without rest,1
give equal treatment,1
married womens right,1
middle atlantic conference committee,1
legion feminina procultura,1
susan b anthony exhibit,1
susan b anthony dinner,1
latin american countries,1
present sophomore class,1
compulsory jury service,1
sara b cummings chairman,1
equal rights amendment held february,1
womans equal rights amendment,1
philadelphia city branch,1
supreme court says,1
constitutional amendment granting,1
womens clubs continue,1
united states along,1
proposed constitutional amendment,1
proposed amendment however,1
helene granitsch president,1
married persons law,1
dr anne hendry morrison,1
certain extent predetermined,1
work well done,1
marie jenney howe,1
new york city area,1
get something done promptly,1
palo alto california,1
state minimum wage,1
two laundries affected,1
women laundry workers,1
full work week,1
equal nationality bill h r,1
another forward step,1
sex set forth,1
long way since,1
done long ago,1
national council shall constitute,1
state organization shall determine,1
national convention shall consist,1
national council chairmen,1
shall hold office,1
middleatlantic regional conference,1
national council shall,1
office election may,1
national convention provided,1
state organizations belonging,1
standing committees chairmen,1
exceedingly slender purse,1
minimum wage law enacted,1
state administrative agency shall,1
shall furnish copies,1
state administrative agency,1
state party hereto,1
reasonably uniform standards,1
appropriate administrative agencies,1
women wage earners,1
claim american citizenship,1
los angeles organizer,1
one years residence,1
good teacher must believe,1
president roosevelt urging,1
meeting mrs hilles,1
great human figure,1
measured mental growth,1
discrimination forced upon,1
eastern conference committee,1
montevideo equal nationality treaty,1
neues wiener journal,1
pan american congress,1
become economically independent,1
congress reading men,1
mrs chase going woodhouse dean,1
alberta gude lynch president,1
four american republics upon,1
get minimum wage legislation,1
electric light bill,1
international agreement points,1
womens college university,1
dear governor pinchot,1
entire world whereas,1
womens international congress,1
women made candles,1
industry therefore require understanding,1
matthews berrien greathouse,1
mrs burnita shelton matthews,1
american bar convention,1
american women married,1
decadent jewish intellectualism,1
civil service rights,1
labor laws applying,1
american states held,1
state shall make,1
lena madesin phillips,1
judge florence allen,1
support appropriate measures,1
harry w nice,1
american public opinion,1
true germanic woman,1
protestant episcopal church,1
influence cannot fail,1
rush many temporary arrangements,1
american nurses association,1
goucher college student council,1
first equal rights convention,1
alberta gude lynch,1
old english common law,1
lord baltimore hotel,1
womens clubs approves,1
inter continental committee,1
abigail adams voice,1
supreme court held,1
united states providing,1
director business womens legislative council,1
una r winter director,1
turning twentythree married women,1
new executive director,1
third largest city,1
deal justly first,1
single women teachers,1
minimum wage fixing machinery convention,1
international labor organization competent,1
st germain trianon,1
high wage scales,1
receive equal remuneration,1
international justice shall,1
aviation engineering school,1
swann hardings article,1
north carolina college,1
american meat packers,1
womens professional relations,1
home economics department,1
joint standing committee,1
argentine american cultural institute,1
setting minimum rates,1
alianza nacional feminista,1
codify international law,1
international law since,1
world law affecting,1
modern woman shows,1
divorced women older,1
today many states,1
new power comes,1
three equal rights measures,1
mandatory jury service bill,1
mandatory jury service,1
permissive jury service,1
follows mr chairman,1
massachusetts state committee,1
assembly labor committees,1
womans party speakers,1
calm cold reason,1
equal domicile bill,1
delaware state branch,1
modern college graduate,1
maryland branch national womans party,1
monroe county board,1
mary ware dennett,1
dear mr flournoy,1
international organization formed,1
marie teresa zuccavina,1
florida state branch,1
susan b anthony amendment,1
ten years ago today,1
womens advertising club,1
central executive committee,1
mississippi state college,1
municipal civil service commission,1
state civil service commission,1
girls technical academy,1
mabel vernon national executive secretary,1
providence sunday journal,1
french reporter added,1
married women work,1
begin next week,1
woman workers charter,1
individual may become,1
subscribes  annually,1
mabel van dyke chairman,1
mrs pankhurst memorial fund,1
young womans council,1
nationality laws affecting women,1
pan american building,1
perth amboy board,1
womens franchise union,1
home economics united states department,1
double sourcethe cash income,1
mrs sidney webb,1
conductorless symphony orchestra,1
mrs pankhursts memory,1
mrs pankhursts life,1
hague next spring,1
biennial national convention,1
nebraska state branch,1
self made woman,1
womans press club,1
national feminist union,1
cuba mrs jackson,1
howard county school board,1
protect married women teachers,1
eighth annual exposition,1
say prayerful consideration,1
howard county board,1
women gainfully employed,1
normal family life,1
international advisory council writes,1
legal professional staff,1
work raising money making plans,1
last presidential campaign,1
seemed quite natural,1
equal rights magazine february,1
french feminist movement,1
panamerican congress held,1
first international protest,1
minor children regular session mothers,1
deceased consorts regular session,1
minor children regular session,1
children regular session,1
pictorial review prize,1
parish vestry elections,1
sup ct l ed,1
fed c c,1
first judiciary act,1
married women embodying,1
hundred million dollars,1
business womens council,1
overtime without violating,1
one million women,1
national woman party members,1
equal rights committee,1
investment banking business,1
investment banking field,1
federal bureau head,1
united states board,1
havana cuba february,1
world codification conference,1
representative florence p kahn,1
dues branch retains,1
go home late,1
united states plenipotentiaries,1
united states outside,1
simple affirmative act,1
western hemisphere give,1
world code discriminating,1
new york city said,1
illinois republican primary,1
existing hour law,1
contained distinctions based,1
unequal nationality rights,1
united states delegation voted,1
brazil would endeavor,1
women lawyers headed,1
entire nationality convention,1
certain restrictions might legally,1
put upon jury service,1
sir william blackstone,1
specific jury enactments,1
proposed nationality convention,1
haverford township school board,1
air force cross,1
lost american citizenship,1
dr wileys death,1
southern textile mills,1
person shall work,1
woman shall work,1
dear mrs wiley,1
ultra conservative spirit,1
wage award system,1
americanborn women married,1
united states members,1
national wool growers association,1
years threelegged race yards,1
brightly shining trust,1
motor went dead,1
many states equality,1
legitimate child born outside,1
la ed art,1
order mrs segal,1
equal pay convention,1
fourth ohio congressional district,1
nationality rights equality,1
swedish motor club,1
womens suffrage league,1
married women employees,1
foreign service officer unclassified,1
federal district court,1
community property law,1
make special laws,1
whole human family,1
nearly per cent,1
southern district california federation,1
dr orestes ferrara,1
united womens associations,1
class b derby,1
eleventh annual convention,1
three weeks campaign,1
permanent international association,1
nationality convention adopted,1
grand jury one,1
jury commissioners demanding,1
district supreme court,1
night work treaty,1
cedar rapids federation,1
jobless married men,1
night work jobs,1
higher paid work,1
catholic young women,1
dont look right,1
discharging married women,1
street car flagmen motormen,1
demonstrators exceptions cigar stands,1
mail order department,1
sheet music saleswomen,1
stock room employees,1
check inspection force,1
present unemployment crisis increasing numbers,1
burnita shelton matthews chairman,1
people v williams n,1
affirming app div,1
white house gates,1
citizenship upon marriage,1
present vested interest,1
file separate returns,1
community property system,1
income tax law,1
formerly assistant corporation counsel,1
assistant attorney general,1
affect miss geach,1
citizenship mrs matthews,1
h r however,1
know mr cable,1
alien spouse come,1
maryland helen mcgerr,1
married woman may,1
spirit shall dwell,1
bar married women,1
twenty married women,1
nativeborn woman citizen,1
miss helen elizabeth brown,1
national womans party reports,1
general accounting office,1
various city boards,1
l west movius chairman,1
entire press corps,1
copley plaza hotel,1
american law schools,1
mixed claims commission,1
would make eligible,1
good city manager,1
nativeborn american women,1
prohibiting night work,1
mrs john l whitehurst president,1
south carolina cotton manufacturers association,1
eastern shore federation,1
binghamton new york,1
came forward saying,1
women job holders,1
home mr cable,1
classified city service,1
new england regional conference,1
manydays ancient ritual,1
first days song,1
inventory plus hours,1
wisconsin state branch,1
americanborn man could ever,1
h p belmont,1
national education association,1
cities whose population,1
syracuse new york,1
states attorneys association,1
four little girls,1
c calls attention,1
reid hall rue de chevreuse,1
spent much time,1
equal nationality convention,1
eight leading womens international organizations,1
twelfth annual convention,1
representative ruth bryan owen,1
international womens organizations member,1
equal rights international member,1
hague codification conference member,1
international concord member,1
joint nationality committee,1
equal citizenship president,1
recent eastern interstate conference called,1
western new york,1
teachers tenure law,1
united states laws,1
legally constituted male voters,1
office insubordination incompetency,1
per cent increase,1
southern california council,1
susan b anthony foundation,1
august leila enders,1
tsing hua college,1
present resolutions asking,1
discourage night work,1
new convention founded,1
tennessee legislature could,1
every woman whether trained,1
tea given sunday august,1
miss margaret whittemore,1
deprecate domestic service,1
womens nationality rights,1
present laws conventions,1
equal economic rights,1
california women workers,1
shorter working hours,1
mrs john jay white n,1
citizen wives organization,1
employees benefit association,1
married women working,1
second judicial district,1
discharge married women,1
possible means whereas,1
josephine casey field worker,1
bath f f,1
martua secretary general,1
first woman member,1
positions requiring certification qualifications,1
national womans party meeting,1
charming musical program,1
anaheim school district,1
reception saturday december,1
american institute reaffirmed,1
hotel mayflower washington,1
e zion church,1
school mrs bethune,1
womens convention auxiliary,1
educational congress held,1
concord baptist church,1
college alumnae club,1
